{
  "id": "sagerush",
  "name": "SAGE RUSH",
  "description": "Adds a Basil Rush-exclusive area inside the BOSS RUSH LOBBY!",
  "version": "1.1.0",
  "manifestVersion": 1,
  "_flags": [
    "do_olid"
  ],
  "image_deltas": [
    {
      "patch": "img/atlases/DreamworldAtlas_Pages.png",
      "with": "olid/2479c815a27b9dd9f4fce61247e50b3e402369147dc883a0f4fa43965170020a.olid",
      "dir": false
    },
    {
      "patch": "img/atlases/Dreamworld_PolaroidAtlas.png",
      "with": "olid/cc5ce2bb8f01a7a53c2a9e3e844ac3cacf2ac87a3df26821409db00d8315aac9.olid",
      "dir": false
    },
    {
      "patch": "img/atlases/TAGATLAS.png",
      "with": "olid/2848f386eed533905e33e0dca8286d23a3360ddf097d82f46ef659701f61d5b3.olid",
      "dir": false
    },
    {
      "patch": "img/characters/!FA_OBJECTS_2.png",
      "with": "olid/cc3e61d3f172526c4121d0eef56a23b8f87967fce3d27fc29d67bd3c39c15e17.olid",
      "dir": false
    },
    {
      "patch": "img/characters/DW_NPC_GATOR.png",
      "with": "olid/584413f416ba6049536cfb26da5eaf98abdea9ea7180ce89ade104ac09514622.olid",
      "dir": false
    },
    {
      "patch": "img/characters/DW_OBJECTS.png",
      "with": "olid/f7547008f05eff4ea2ff6ffe75f2f92596d72c3df612c4714c72c4d750fc0d72.olid",
      "dir": false
    },
    {
      "patch": "img/characters/FA_HERO_2.png",
      "with": "olid/1e0774a846042a007a7c1a6705ab060e7b06ae0aba4279c5c20a45ed5112720c.olid",
      "dir": false
    },
    {
      "patch": "img/faces/01_OMORI_BATTLE.png",
      "with": "olid/3afbf4f4985f4e338cd1bad556d034e1d539657c17261d5be370d31640d9b836.olid",
      "dir": false
    },
    {
      "patch": "img/faces/MainCharacters_DreamWorld.png",
      "with": "olid/d6ada9813ac7f124661ff37b481ea5e567a8009a4d183b6b75ec564bfa952f56.olid",
      "dir": false
    },
    {
      "patch": "img/system/ACS_Bubble.png",
      "with": "olid/e2617f4ba718b1a06f7123ffdecc664c6bbdcc19b87322c1b5c1cfa12edb48d5.olid",
      "dir": false
    },
    {
      "patch": "img/system/itemWeapon.png",
      "with": "olid/ccb028477c0803698ec5921e4591682404b40647722138d92c45310b7b1d723a.olid",
      "dir": false
    },
    {
      "patch": "img/system/itemWeapons.png",
      "with": "olid/65fdf897924ebf160ae19a192caab1f897551a877179f8172e53e42a80d86de7.olid",
      "dir": false
    }
  ],
  "files": {
    "plugins": [
      "plugins/Custom Battle Action Text.js",
      "plugins/console_fixes.js"
    ],
    "assets": [
      "img/characters/DW_SAGE.png",
      "img/enemies/!SAGE.png",
      "img/parallaxes/!map512bg.png",
      "img/parallaxes/!map515.png",
      "img/parallaxes/map515POS.png",
      "img/pictures/snowbg.png",
      "img/sv_actors/!SAGE.png",
      "audio/bgm/boss_friends.ogg",
      "audio/bgm/boss_mari.ogg",
      "img/animations/b_cheer.png",
      "img/animations/b_snack_time.png",
      "img/atlases/DreamworldAtlas_02.png",
      "img/atlases/TAGATLAS_BS.png",
      "img/characters/WS_Mari_2.png",
      "img/characters/[SF]Blanket.png",
      "img/characters/boss_rush_monitor.png",
      "img/enemies/!boss_hero.png",
      "img/enemies/!simulation_aubrey.png",
      "img/enemies/!simulation_hero.png",
      "img/enemies/!simulation_kel.png",
      "img/enemies/!simulation_mari.png",
      "img/faces/05_BASIL_BATTLE.png",
      "img/pictures/basil_vine_attack[5x3].png",
      "img/pictures/border_cactus.png",
      "img/pictures/border_gladiolus.png",
      "img/pictures/border_rose.png",
      "img/pictures/border_tulip.png",
      "img/pictures/boss_rush_monitor.png",
      "img/pictures/red_border.png",
      "img/pictures/release_energy_basil[5x7].png",
      "img/pictures/simulation_mari_scare.png",
      "img/sv_actors/!boss_hero.png",
      "img/sv_actors/!simulation_aubrey.png",
      "img/sv_actors/!simulation_hero.png",
      "img/sv_actors/!simulation_kel.png",
      "img/sv_actors/!simulation_mari.png"
    ],
    "files": [],
    "maps": [
      "maps/map196.jsond",
      "maps/map296.jsond",
      "maps/map514.json",
      "maps/map515.json"
    ],
    "text": [
      "languages/xx_battle_text.yamld",
      "languages/console_addition.yaml",
      "languages/xx_sage.yaml"
    ],
    "data": [
      "data/Actors.jsond",
      "data/Animations.jsond",
      "data/Atlas.yamld",
      "data/Classes.jsond",
      "data/CommonEvents.jsond",
      "data/Enemies.jsond",
      "data/Items.jsond",
      "data/Map196.jsond",
      "data/Map244.jsond",
      "data/Map266.jsond",
      "data/Map273.jsond",
      "data/Map274.jsond",
      "data/Map278.jsond",
      "data/Map283.jsond",
      "data/Map290.jsond",
      "data/Map296.jsond",
      "data/MapInfos.jsond",
      "data/Skills.jsond",
      "data/States.jsond",
      "data/System.jsond",
      "data/Troops.jsond",
      "data/Weapons.jsond",
      "data/Map514.json",
      "data/Map515.json"
    ]
  },
  "$schema": "https://rph.space/oneloader.manifestv1.schema.json"
}