{
  "id": "sagerush",
  "name": "SAGE RUSH",
  "description": "Adds a Basil Rush-exclusive area inside the BOSS RUSH LOBBY!",
  "version": "1.2.1",
  "manifestVersion": 1,
  "_flags": [
    "do_olid"
  ],
  "image_deltas": [
    {
      "patch": "img/atlases/DreamworldAtlas_Pages.png",
      "with": "olid/399b658db286fb6aaf12d1c53e357f45d2f62168b219cfffcf86bc0fab45aa62.olid",
      "dir": false
    },
    {
      "patch": "img/atlases/Dreamworld_PolaroidAtlas.png",
      "with": "olid/f57a641748f4f52d3292ff9d98a3faa4f889995ed60160e1399452c94ca1b0b3.olid",
      "dir": false
    },
    {
      "patch": "img/atlases/TAGATLAS.png",
      "with": "olid/53d9e8c6df8653a125dbdea65f21ecebb697d22e7b4a6b8d5181c03bdfb96050.olid",
      "dir": false
    },
    {
      "patch": "img/atlases/itemCharms.png",
      "with": "olid/fb5a903959f6db611684b8a0d82d2aefe2027baaf2b3bb0d8f0534f76391aad7.olid",
      "dir": false
    },
    {
      "patch": "img/characters/!FA_OBJECTS_2.png",
      "with": "olid/bbec5b28ca52e552efc3f6ab67f033c3877219c845c58237430300867334cdb9.olid",
      "dir": false
    },
    {
      "patch": "img/characters/DW_NPC_GATOR.png",
      "with": "olid/c21af8edc401b31d19c5b94648326b4c4bf6346d243138109615d7432a2e3674.olid",
      "dir": false
    },
    {
      "patch": "img/characters/DW_OBJECTS.png",
      "with": "olid/d65f0b83eb157ef7c5a460c8ca26a4dccb0303a742d26c58bd3cfae94a8568bf.olid",
      "dir": false
    },
    {
      "patch": "img/characters/FA_HERO_2.png",
      "with": "olid/ef92f3b8894ece7180f76d235595ccb6f016800af5a9b5bd08279621ec733a4c.olid",
      "dir": false
    },
    {
      "patch": "img/faces/01_OMORI_BATTLE.png",
      "with": "olid/e95a0051a82a22036e913b62627e35e0cdf1cb06e7fea0a806fee1915acfe514.olid",
      "dir": false
    },
    {
      "patch": "img/faces/MainCharacters_DreamWorld.png",
      "with": "olid/c5e964384ce79801ca8253f16806f5c5b550db2618129a46917beaf6b6559cae.olid",
      "dir": false
    },
    {
      "patch": "img/system/ACS_Bubble.png",
      "with": "olid/ba2cee1580fd392b5025e5e2615984b83e258059458404a61baa492c4480aa0a.olid",
      "dir": false
    },
    {
      "patch": "img/system/itemCharms.png",
      "with": "olid/a64d34ed236155378ec412a9ea2a1a6ae76b46681b6fe3ea06e2b616b3677c6e.olid",
      "dir": false
    },
    {
      "patch": "img/system/itemWeapon.png",
      "with": "olid/f2fdc51f13d58f0bb6ada1afa43ee0c00786c13378e96dc7decc451ca93c6fcb.olid",
      "dir": false
    },
    {
      "patch": "img/system/itemWeapons.png",
      "with": "olid/fa02f11c28e57f5a6cda4bf015140d5a716c7b38ae399472bb491de635a0ba2f.olid",
      "dir": false
    },
    {
      "patch": "img/system/items/itemCharms.png",
      "with": "olid/5cec16efdd6138beedfe5ebff33ea06d702613a2747b8031090801c6f6a07131.olid",
      "dir": false
    },
    {
      "patch": "img/system/storage/itemCharms.png",
      "with": "olid/a5cd61dc4372c693fbad18c0ae2055d6e85b984e8ffe2cb5cef30ba8f828f453.olid",
      "dir": false
    }
  ],
  "files": {
    "plugins": [
      "plugins/Custom Battle Action Text.js",
      "plugins/console_fixes.js"
    ],
    "assets": [
      "img/animations/e_attack_clover.png",
      "img/characters/DW_SAGE.png",
      "img/enemies/!SAGE.png",
      "img/parallaxes/!map512bg.png",
      "img/parallaxes/!map515.png",
      "img/parallaxes/map515POS.png",
      "img/pictures/snowbg.png",
      "img/sv_actors/!SAGE.png",
      "audio/bgm/boss_friends.ogg",
      "audio/bgm/boss_mari.ogg",
      "img/animations/b_cheer.png",
      "img/animations/b_snack_time.png",
      "img/atlases/DreamworldAtlas_02.png",
      "img/atlases/TAGATLAS_BS.png",
      "img/characters/WS_Mari_2.png",
      "img/characters/[SF]Blanket.png",
      "img/characters/boss_rush_monitor.png",
      "img/enemies/!boss_hero.png",
      "img/enemies/!simulation_aubrey.png",
      "img/enemies/!simulation_hero.png",
      "img/enemies/!simulation_kel.png",
      "img/enemies/!simulation_mari.png",
      "img/faces/05_BASIL_BATTLE.png",
      "img/pictures/basil_vine_attack[5x3].png",
      "img/pictures/border_cactus.png",
      "img/pictures/border_gladiolus.png",
      "img/pictures/border_rose.png",
      "img/pictures/border_tulip.png",
      "img/pictures/boss_rush_monitor.png",
      "img/pictures/red_border.png",
      "img/pictures/release_energy_basil[5x7].png",
      "img/pictures/simulation_mari_scare.png",
      "img/sv_actors/!boss_hero.png",
      "img/sv_actors/!simulation_aubrey.png",
      "img/sv_actors/!simulation_hero.png",
      "img/sv_actors/!simulation_kel.png",
      "img/sv_actors/!simulation_mari.png"
    ],
    "files": [],
    "maps": [
      "maps/map196.jsond",
      "maps/map296.jsond",
      "maps/map514.json",
      "maps/map515.json"
    ],
    "text": [
      "languages/xx_battle_text.yamld",
      "languages/console_addition.yaml",
      "languages/xx_sage.yaml"
    ],
    "data": [
      "data/Actors.jsond",
      "data/Animations.jsond",
      "data/Armors.jsond",
      "data/Atlas.yamld",
      "data/Classes.jsond",
      "data/CommonEvents.jsond",
      "data/Enemies.jsond",
      "data/Items.jsond",
      "data/Map196.jsond",
      "data/Map244.jsond",
      "data/Map266.jsond",
      "data/Map273.jsond",
      "data/Map274.jsond",
      "data/Map278.jsond",
      "data/Map283.jsond",
      "data/Map290.jsond",
      "data/Map296.jsond",
      "data/MapInfos.jsond",
      "data/Skills.jsond",
      "data/States.jsond",
      "data/System.jsond",
      "data/Troops.jsond",
      "data/Weapons.jsond",
      "data/Map514.json",
      "data/Map515.json"
    ]
  },
  "$schema": "https://rph.space/oneloader.manifestv1.schema.json"
}