{
  "id": "sagerush",
  "name": "SAGE RUSH",
  "description": "Adds a Basil Rush-exclusive area inside the BOSS RUSH LOBBY!",
  "version": "1.2.0",
  "manifestVersion": 1,
  "_flags": [
    "do_olid"
  ],
  "image_deltas": [
    {
      "patch": "img/atlases/DreamworldAtlas_Pages.png",
      "with": "olid/c987a2eb89d5c858e437716993e917b68ceaffe6544ea82a8f0afe58dcdd2de5.olid",
      "dir": false
    },
    {
      "patch": "img/atlases/Dreamworld_PolaroidAtlas.png",
      "with": "olid/292ca615daa122c9b1fd87250129e99a2407772255b36d00d0427cc818ee12a3.olid",
      "dir": false
    },
    {
      "patch": "img/atlases/TAGATLAS.png",
      "with": "olid/e7a56bf11e311d2cf77db36bb8b0b4b5ebf46251a3dbb6819902b47f2356abb4.olid",
      "dir": false
    },
    {
      "patch": "img/atlases/itemCharms.png",
      "with": "olid/a96fced7bf7e181ed231c27771fa2517d501022cd3624442f1d0e7ec36674d59.olid",
      "dir": false
    },
    {
      "patch": "img/characters/!FA_OBJECTS_2.png",
      "with": "olid/b5cd9d2ad4122750d21011845d0234bb5ff17262a1d148e6347d87592f45e993.olid",
      "dir": false
    },
    {
      "patch": "img/characters/DW_NPC_GATOR.png",
      "with": "olid/767e89bbf94bae69093ff3009a175ab78ba1fdebf39e0c2bbb7440fb2b4ac413.olid",
      "dir": false
    },
    {
      "patch": "img/characters/DW_OBJECTS.png",
      "with": "olid/f2d6cb302cbb24461f0661b027e10e1d9eeba39fdd8aee7061dc8cef6680d2d1.olid",
      "dir": false
    },
    {
      "patch": "img/characters/FA_HERO_2.png",
      "with": "olid/704a85dae226443ea4427d93ae7a699c24dfd6a1fd8b7c904c89635779fcf2d2.olid",
      "dir": false
    },
    {
      "patch": "img/faces/01_OMORI_BATTLE.png",
      "with": "olid/562d11dbe80045f9768dd03b0b8aea5d9a47600a8ec0cbc14620d87aa0f1062e.olid",
      "dir": false
    },
    {
      "patch": "img/faces/MainCharacters_DreamWorld.png",
      "with": "olid/c7e23625c8b39f777d840a9b9f06bcdff45cac49084d192ef15b923e0b593e79.olid",
      "dir": false
    },
    {
      "patch": "img/system/ACS_Bubble.png",
      "with": "olid/aaf4fb4b68d355e0142991d61d484ec9eff7eee4a6f4f37da115ffdb26a7d07d.olid",
      "dir": false
    },
    {
      "patch": "img/system/itemCharms.png",
      "with": "olid/06fc9b07be38e1b50707dc2b8787fc82cc9fff4f89e76eabed0c67f74808714e.olid",
      "dir": false
    },
    {
      "patch": "img/system/itemWeapon.png",
      "with": "olid/e45b5f8db208d62e6be997bae51daf7e9adf3a6e60c57d36d0d819dc693d0855.olid",
      "dir": false
    },
    {
      "patch": "img/system/itemWeapons.png",
      "with": "olid/ed5746f300740bfbfa32e5db89ed74e0a8f97cf8209e100057b15470883bfa8b.olid",
      "dir": false
    },
    {
      "patch": "img/system/items/itemCharms.png",
      "with": "olid/491d8199c3fb8a83575a0d03144afd3b1a3b834b22ef623444cb897522d4b2a5.olid",
      "dir": false
    },
    {
      "patch": "img/system/storage/itemCharms.png",
      "with": "olid/9bf7b950cfed2788c9063d33b4a48359fa14bd563ba1d4473e718e3c3f38a0b1.olid",
      "dir": false
    }
  ],
  "files": {
    "plugins": [
      "plugins/Custom Battle Action Text.js",
      "plugins/console_fixes.js"
    ],
    "assets": [
      "img/animations/e_attack_clover.png",
      "img/characters/DW_SAGE.png",
      "img/enemies/!SAGE.png",
      "img/parallaxes/!map512bg.png",
      "img/parallaxes/!map515.png",
      "img/parallaxes/map515POS.png",
      "img/pictures/snowbg.png",
      "img/sv_actors/!SAGE.png",
      "audio/bgm/boss_friends.ogg",
      "audio/bgm/boss_mari.ogg",
      "img/animations/b_cheer.png",
      "img/animations/b_snack_time.png",
      "img/atlases/DreamworldAtlas_02.png",
      "img/atlases/TAGATLAS_BS.png",
      "img/characters/WS_Mari_2.png",
      "img/characters/[SF]Blanket.png",
      "img/characters/boss_rush_monitor.png",
      "img/enemies/!boss_hero.png",
      "img/enemies/!simulation_aubrey.png",
      "img/enemies/!simulation_hero.png",
      "img/enemies/!simulation_kel.png",
      "img/enemies/!simulation_mari.png",
      "img/faces/05_BASIL_BATTLE.png",
      "img/pictures/basil_vine_attack[5x3].png",
      "img/pictures/border_cactus.png",
      "img/pictures/border_gladiolus.png",
      "img/pictures/border_rose.png",
      "img/pictures/border_tulip.png",
      "img/pictures/boss_rush_monitor.png",
      "img/pictures/red_border.png",
      "img/pictures/release_energy_basil[5x7].png",
      "img/pictures/simulation_mari_scare.png",
      "img/sv_actors/!boss_hero.png",
      "img/sv_actors/!simulation_aubrey.png",
      "img/sv_actors/!simulation_hero.png",
      "img/sv_actors/!simulation_kel.png",
      "img/sv_actors/!simulation_mari.png"
    ],
    "files": [],
    "maps": [
      "maps/map196.jsond",
      "maps/map296.jsond",
      "maps/map514.json",
      "maps/map515.json"
    ],
    "text": [
      "languages/xx_battle_text.yamld",
      "languages/console_addition.yaml",
      "languages/xx_sage.yaml"
    ],
    "data": [
      "data/Actors.jsond",
      "data/Animations.jsond",
      "data/Armors.jsond",
      "data/Atlas.yamld",
      "data/Classes.jsond",
      "data/CommonEvents.jsond",
      "data/Enemies.jsond",
      "data/Items.jsond",
      "data/Map196.jsond",
      "data/Map244.jsond",
      "data/Map266.jsond",
      "data/Map273.jsond",
      "data/Map274.jsond",
      "data/Map278.jsond",
      "data/Map283.jsond",
      "data/Map290.jsond",
      "data/Map296.jsond",
      "data/MapInfos.jsond",
      "data/Skills.jsond",
      "data/States.jsond",
      "data/System.jsond",
      "data/Troops.jsond",
      "data/Weapons.jsond",
      "data/Map514.json",
      "data/Map515.json"
    ]
  },
  "$schema": "https://rph.space/oneloader.manifestv1.schema.json"
}